35fl_01;;dNCDch_pho50;;240920.002_fluor_02;;240920.002_phos_03;
Time (s);Intensity (a.u.);Time (s);Intensity (a.u.);Wavelength (nm);Intensity (a.u.);Wavelength (nm);Intensity (a.u.)
0.10249999910593;62.720027923584;0.005104999989;561.862915;300;2.811449528;300;-0.09836880118
0.1075100004673;69.4201889038086;0.01512499992;556.1763916;301.0700073;3.242103577;302;0.1981460154
0.11252000182867;76.1203460693359;0.02514499985;549.6099854;302;3.369723797;304;0.3686590195
0.11752999573946;82.8204956054687;0.03516500071;544.5912476;303.0700073;3.878913879;306;0.6183781624
0.12253999710083;82.2900085449219;0.0451849997;540.8132935;304;4.44969511;308;0.3023917973
0.127550005912781;76.9209899902344;0.0552049987;536.6424561;305.0700073;5.201020241;310;1.428945184
0.13255999982357;71.5519943237305;0.0652249977;532.9596558;306;5.705516815;312.0299988;1.441511393
0.13756999373436;72.3857650756836;0.07524500042;529.173645;307.0700073;7.279732227;314.0599976;2.561830997
0.14258000254631;73.2288360595703;0.08526499569;525.5715942;308;8.147712708;315.9299927;3.256477594
0.1475899964571;73.8070678710937;0.09528499842;521.6594238;309.0700073;10.26144123;317.9599915;4.086092949
0.152600005269051;73.9845504760742;0.1053050011;518.3641357;310;13.62975502;320;5.818273067
0.15760999917984;74.1620407104492;0.1153249964;516.6312256;310.9299927;23.18041801;322;7.196560383
0.16261999309063;73.5612106323242;0.1253449917;513.3395386;312.0299988;40.82364273;324;8.444964409
0.16763000190258;72.7625198364258;0.1353649944;509.5979004;312.9599915;56.67141724;326;8.948505402
0.17263999581337;71.134635925293;0.1453849971;506.0786743;314.0599976;68.13356781;328;8.782361031
0.17765000462532;66.1206130981445;0.1554049999;503.2914429;315;73.72611237;330;9.021653175
0.18265999853611;61.1065979003906;0.1654250026;501.7184143;315.9299927;89.85791779;332;9.115704536
0.187669992446899;61.0123481750488;0.1754450053;498.7748108;317.0299988;116.5903091;334;8.98678112
0.19268000125885;64.2515029907227;0.1854649931;495.8765564;317.9599915;135.7863159;336;8.956090927
0.19768999516964;67.4906463623047;0.1954849958;492.4101563;319.0599976;144.19487;338;9.389209747
0.20270000398159;66.0033264160156;0.2055049986;489.1120605;320;163.6152344;340;8.121113777
0.20770999789238;64.4946823120117;0.2155250013;486.6847229;321.0700073;250.8631592;342;7.46610117
0.212719991803169;64.0023651123047;0.225545004;483.9342346;322;369.1806335;344;7.361811161
0.21773000061512;65.0672912597656;0.2355649918;480.9188843;323.0700073;481.7970581;346;6.634998322
0.222739994525909;66.1322174072266;0.2455849946;478.612793;324;531.1541748;348;6.297857761
0.22775000333786;67.7258148193359;0.2556050122;476.0117188;325.0700073;547.930603;350;6.204944611
0.23275999724865;69.4563217163086;0.265625;474.4410706;326;556.2816772;352;5.487059116
0.237769991159439;69.4935302734375;0.2756449878;470.7528687;327.0700073;543.40271;354;4.878521442
0.24277999997139;62.4827651977539;0.2856650054;468.2265625;328;502.1751404;356;4.687780857
0.247789993882179;55.4720230102539;0.2956849933;466.138855;329.0700073;436.4824829;358;3.818096638
0.252799987792969;54.4616546630859;0.3057050109;463.7605896;330;406.0358887;360;3.678911448
0.257809996604919;57.5676956176758;0.3157249987;460.9604492;331.0700073;404.0474243;362;3.347769022
0.26282000541687;60.6737365722656;0.3257449865;458.1600037;332;432.144989;364;2.697747231
0.267829984426498;62.3264465332031;0.3357650042;455.605072;333.0700073;463.4560242;366;2.600699663
0.272839993238449;63.9682083129883;0.345784992;453.046814;334;472.6335449;368;2.444550514
0.2778500020504;63.2623100280762;0.3558050096;450.8556519;335.0700073;469.9389343;370;2.404118299
0.28286001086235;58.9138526916504;0.3658249974;448.3967896;336;493.5900269;372;1.716342449
0.287869989871979;54.5654182434082;0.3758449852;446.4335938;337.0700073;537.1729126;374;1.785249114
0.292879998683929;54.0793228149414;0.3858650029;444.0056763;338;550.8088379;376;1.747996211
0.29789000749588;54.6117858886719;0.3958849907;439.9133301;339.0700073;519.4674072;378;1.329258561
0.302899986505508;54.7380447387695;0.4059050083;438.4636841;340;493.2462158;380;1.203850985
0.307909995317459;53.1406555175781;0.4159249961;436.9396362;341.0700073;465.5437927;382;0.7217627168
0.31292000412941;51.5432662963867;0.425944984;434.0263062;342;456.2538757;384;1.166875482
0.317929983139038;53.5069885253906;0.4359650016;432.0845642;343.0700073;426.1524353;386;1.161429524
0.322939991950989;57.9441947937012;0.4459849894;429.453125;344;391.6437378;388;0.9724396467
0.327950000762939;62.3813972473145;0.456005007;426.1079712;345.0700073;355.7560425;390;0.7044987082
0.33296000957489;57.5980949401855;0.4660249949;424.6853943;346;335.0267029;392;1.061579347
0.337969988584518;52.717212677002;0.4760449827;422.7426758;347.0700073;322.3966675;394;0.7602990866
0.342979997396469;51.4430656433105;0.4860650003;419.9602051;348;326.7016602;396;0.8168571591
0.34799000620842;55.8358840942383;0.4960849881;417.6379395;349.0700073;332.3626709;398;0.4504517019
0.352999985218048;60.2286796569824;0.5061050057;415.5550232;350;332.026886;400;0.8668621778
0.358009994029999;56.9260520935059;0.5161250234;413.6705017;351.0700073;325.9238892;401.9599915;0.673656106
0.363020002841949;51.5570487976074;0.5261449814;411.4500122;352;316.6066284;403.9299927;0.8343338966
0.3680300116539;47.962272644043;0.536164999;409.3345032;353.0700073;304.768158;406.0599976;1.01245749
0.373039990663528;52.0444755554199;0.5461850166;407.1390381;354;293.7087097;408.0299988;0.9770066142
0.378049999475479;56.1267013549805;0.5562049747;404.9735413;355.0700073;268.3587646;410;0.5724393129
0.38306000828743;56.2490158081055;0.5662249923;403.6626587;356;248.4555206;412;0.7556369305
0.388069987297058;53.5867156982422;0.5762450099;400.7468872;357.0700073;225.1699219;414;0.8110424876
0.393079996109009;50.9244003295898;0.5862649679;398.3794556;358;212.1597748;416;1.398080111
0.398090004920959;55.1346168518066;0.5962849855;396.6098022;359.0700073;202.6576691;418;1.31272459
0.403099983930588;59.4386711120605;0.6063050032;394.3828735;360;191.9327393;420;1.291939497
0.408109992742538;60.5918884277344;0.6163250208;391.7819214;361.0700073;179.4063568;421.9599915;1.38643074
0.413120001554489;56.7315216064453;0.6263449788;390.3076782;362;167.7708588;423.9299927;1.180785418
0.41813001036644;52.8711547851562;0.6363649964;388.0949097;363.0700073;154.8123169;426.0599976;1.79890132
0.423139989376068;54.690803527832;0.6463850141;385.6384277;364;144.5476685;428.0299988;2.579799414
0.428149998188019;58.0630683898926;0.6564049721;383.3166809;365.0700073;135.6074524;430;1.717658877
0.433160006999969;59.607421875;0.6664249897;382.4608765;366;132.2150116;432;2.474985838
0.438169986009598;53.0847854614258;0.6764450073;379.7958984;367.0700073;129.3675842;434;2.292618752
0.443179994821548;46.5621109008789;0.6864650249;377.9296875;368;125.8927994;436;3.134431601
0.448190003633499;43.6680946350098;0.696484983;375.7714233;369.0700073;120.2949982;438;3.906833887
0.453199982643127;43.357494354248;0.7065050006;373.7740479;370;113.6441879;440;4.928199291
0.458209991455078;43.0468902587891;0.7165250182;371.8342896;371.0700073;104.1611557;441.9599915;6.345449448
0.463220000267029;44.1328086853027;0.7265449762;369.6307678;372;97.88387299;443.9299927;8.259583473
0.46823000907898;45.2421035766602;0.7365649939;367.3004456;373.0700073;89.16055298;446.0599976;9.671945572
0.473239988088608;44.7711906433105;0.7465850115;366.9293823;374;80.32550049;448.0299988;12.32171345
0.478249996900558;41.7538986206055;0.7566049695;365.209259;375.0700073;71.30812073;450;16.58540344
0.483260005712509;38.7366065979004;0.7666249871;362.2285156;376;66.02463531;451.9599915;24.96315956
0.488269984722137;41.9677734375;0.7766450047;360.2947388;377.0700073;63.69755554;453.9299927;37.08843231
0.493279993534088;46.937442779541;0.7866650224;358.828064;378;61.25440598;456.0599976;49.66693115
0.498290002346039;51.3587455749512;0.7966849804;356.2113647;379.0700073;61.46824265;458.0299988;72.78050232
0.50330001115799;53.3111038208008;0.806704998;354.8171997;380;58.45302582;460;109.148819
0.50831001996994;55.2634658813477;0.8167250156;352.088562;381.0700073;54.51197052;461.9599915;199.6826935
0.513319969177246;56.3390922546387;0.8267449737;352.0036621;382;51.96912003;463.9299927;333.2310181
0.518329977989197;56.7828102111816;0.8367649913;348.6954956;383.0700073;48.77142334;466.0599976;493.7259827
0.523339986801147;57.2265319824219;0.8467850089;347.3851624;384;43.45079041;468.0299988;667.5100098
0.528349995613098;51.4920616149902;0.8568049669;345.3811646;385.0700073;41.04650116;470;731.9284668
0.533360004425049;45.634952545166;0.8668249846;344.020874;386;38.47210693;471.9400024;744.1748657
0.538370013236999;43.1327781677246;0.8768450022;341.7805176;387.0700073;35.00934982;474.019989;699.4604492
0.54338002204895;46.1056938171387;0.8868650198;339.6762085;388;32.94804764;475.9700012;646.1747437
0.548389971256256;49.0785713195801;0.8968849778;338.0434875;389.0700073;30.77108192;478.0499878;593.5521851
0.553399980068207;48.6971778869629;0.9069049954;336.2926636;390;28.82522964;480;543.1616821
0.558409988880157;47.3660202026367;0.9169250131;333.239502;391.0700073;26.05572319;481.9599915;522.8469238
0.563419997692108;46.328311920166;0.9269449711;332.7864075;392;24.32432365;483.9299927;501.696167
0.568430006504059;46.6389122009277;0.9369649887;330.7025146;393.0700073;22.52026749;486.0599976;448.9891357
0.57344001531601;46.9495162963867;0.9469850063;329.8475037;394;21.10287094;488.0299988;423.0327759
0.57845002412796;47.7218856811523;0.9570049644;327.5127563;395.0700073;19.19320869;490;416.5553894
0.583459973335266;48.831169128418;0.967024982;326.7638855;396;17.52974129;491.9400024;448.5115967
0.588469982147217;49.9404640197754;0.9770449996;324.5309753;397.0700073;16.20384026;494.019989;516.2290039
0.593479990959167;50.0955085754395;0.9870650172;323.3041382;398;15.75120354;495.9700012;591.423584
0.598489999771118;50.2286224365234;0.9970849752;321.4322205;399.0700073;14.21867752;498.0499878;721.192688
0.603500008583069;50.9638748168945;1.007104993;319.3143005;400;13.00161552;500;833.1355591
0.60851001739502;52.6943855285645;1.01712501;318.3990173;401.0599976;12.46830082;501.9599915;922.7426758
0.613519966602325;54.4248733520508;1.027145028;316.008606;401.9599915;11.85101509;503.9299927;963.2210693
0.618529975414276;49.0591087341309;1.037165046;315.1086731;403.0299988;10.67771626;506.0599976;984.4279785
0.623539984226227;41.6490097045898;1.047184944;313.2032471;403.9299927;10.38419533;508.0299988;941.3929443
0.628549993038178;36.3054122924805;1.057204962;310.7541199;405;9.440857887;510;936.1723022
0.633560001850128;40.6538734436035;1.067224979;310.09021;406.0599976;9.057896614;511.9400024;781.1143799
0.638570010662079;45.0023307800293;1.077244997;307.7017822;406.9599915;8.589994431;514.0200195;705.8843994
0.64358001947403;48.4830856323242;1.087265015;307.035675;408.0299988;8.238509178;515.9699707;649.7844238
0.648589968681335;51.3228607177734;1.097285032;304.7926331;408.9299927;7.858350754;518.0499878;592.1966553
0.653599977493286;54.1626739501953;1.10730505;303.200531;410;7.704191208;520;550.2455444
0.658609986305237;46.0188331604004;1.117324948;302.0387268;411.0700073;7.374511242;521.9400024;511.1464233
0.663619995117187;37.5881843566895;1.127344966;299.5363159;412;7.564264297;524.0200195;461.0567017
0.668630003929138;34.2349586486816;1.137364984;297.8489685;413.0700073;7.560483456;525.9699707;438.4873047
0.673640012741089;39.3821144104004;1.147385001;296.634613;414;6.910049438;528.0499878;422.5551758
0.678650021553039;44.5292701721191;1.157405019;295.1360779;415.0700073;6.948646545;530;416.414978
0.683659970760345;41.8525390625;1.167425036;294.3760376;416;7.080297947;531.9400024;428.0125732
0.688669979572296;36.882869720459;1.177444935;292.0507202;417.0700073;6.530169487;534.0200195;446.0670776
0.693679988384247;33.4003295898438;1.187464952;291.3322144;418;6.437811375;535.9699707;469.8217163
0.698689997196198;37.0388221740723;1.19748497;289.0745544;419.0700073;6.829947948;538.0499878;505.1271973
0.703700006008148;40.6773147583008;1.207504988;286.8064575;420;6.31989336;540;520.2944336
0.708710014820099;41.2185096740723;1.217525005;286.2492371;421.0599976;6.318458557;542.0499878;524.0206909
0.71372002363205;39.4436264038086;1.227545023;284.56427;421.9599915;5.910311699;543.9699707;533.661438
0.718729972839356;37.6687660217285;1.237565041;283.5856323;423.0299988;5.57688427;546.0200195;514.7456055
0.723739981651306;37.3165092468262;1.247584939;281.7875366;423.9299927;4.9945755;547.9400024;476.57901
0.728749990463257;37.0059051513672;1.257604957;280.5378113;425;4.636754036;550;447.4562988
0.733759999275208;38.1108932495117;1.267624974;278.9977722;426.0599976;4.07494545;551.9400024;409.6078491
0.738770008087158;41.616268157959;1.277644992;277.5854187;426.9599915;3.914131403;554.0200195;371.3072205
0.743780016899109;45.1216430664063;1.287665009;275.7390442;428.0299988;3.333594799;555.9699707;331.0742188
0.748789966106415;43.8073234558105;1.297685027;274.1466675;428.9299927;2.774264574;558.0499878;312.4777832
0.753799974918365;41.0562591552734;1.307705045;273.6532593;430;2.827372074;560;286.6965637
0.758809983730316;39.0584526062012;1.317724943;271.9021912;431.0700073;2.562173367;562.0499878;253.6304321
0.763819992542267;40.7445907592773;1.327744961;270.7120056;432;2.710959196;563.9699707;238.8743744
0.768830001354217;42.4307289123535;1.337764978;269.252594;433.0700073;2.655401468;566.0200195;220.8648071
0.773840010166168;41.1620140075684;1.347784996;267.9710083;434;2.357368708;567.9400024;205.2067261
0.778850018978119;37.6566390991211;1.357805014;265.9867249;435.0700073;2.621874332;570;193.817337
0.783859968185425;34.1513023376465;1.367825031;265.2185059;436;2.292075872;571.9400024;182.6004333
0.788869976997375;34.084056854248;1.377845049;263.3671265;437.0700073;2.188685656;574.0200195;172.7069244
0.793879985809326;34.1284294128418;1.387864947;262.6716919;438;1.96905756;575.9699707;172.5699615
0.798889994621277;34.5809860229492;1.397884965;260.9674377;439.0700073;2.25880003;578.0499878;174.2520142
0.803900003433228;35.7346611022949;1.407904983;260.0913086;440;1.858736038;580;172.3002625
0.808910012245178;36.8883323669434;1.417925;257.870636;441.0599976;2.044867992;582.0499878;171.1032104
0.813920021057129;35.6585083007812;1.427945018;256.2533264;441.9599915;2.302379131;583.9699707;167.9969788
0.818929970264435;33.7061729431152;1.437965035;255.4775085;443.0299988;1.835695386;586.0200195;170.2263031
0.823939979076386;31.9387989044189;1.447984934;254.8470764;443.9299927;1.730317593;587.9400024;166.0280151
0.828949987888336;31.0957317352295;1.458004951;253.1574707;445;1.774366617;590;159.7045135
0.833959996700287;30.2526626586914;1.468024969;251.1725311;446.0599976;1.831981063;592.0499878;152.6460876
0.838970005512238;30.1130142211914;1.478044987;249.8234558;446.9599915;1.867529988;593.9699707;149.0898285
0.843980014324188;30.5123634338379;1.488065004;248.6833191;448.0299988;1.750227094;596.0200195;135.5708923
0.848990023136139;30.9117126464844;1.498085022;247.3009491;448.9299927;1.713524103;597.9400024;125.9066772
0.853999972343445;30.5827045440674;1.50810504;246.1223145;450;1.564618826;600;112.6160583
0.859009981155395;30.2277278900146;1.518124938;245.3195496;451.0599976;1.573613644;602.0200195;102.4570313
0.864019989967346;30.5529155731201;1.528144956;243.8026123;451.9599915;1.532869101;604.0499878;96.58824921
0.869029998779297;32.0615653991699;1.538164973;242.2918396;453.0299988;1.584786057;605.9400024;88.41313171
0.874040007591248;33.5702133178711;1.548184991;242.180542;453.9299927;1.315410852;607.9699707;81.09536743
0.879050016403198;33.1116828918457;1.558205009;240.7181702;455;1.400882363;610;76.53012848
0.884059965610504;32.0467720031738;1.568225026;238.9626007;456.0599976;1.221603155;612.0499878;69.76716614
0.889069974422455;31.3161067962646;1.578245044;237.9633789;456.9599915;1.496814013;613.9699707;62.50200272
0.894079983234406;32.2922897338867;1.588264942;235.8124542;458.0299988;1.600341439;616.0200195;57.63282013
0.899089992046356;33.2684783935547;1.59828496;234.9651337;458.9299927;1.366411924;617.9400024;54.22771454
0.904100000858307;34.7944221496582;1.608304977;234.2011414;460;1.108718395;620;50.80854416
0.909110009670258;36.7467918395996;1.618324995;232.4784851;461.0599976;1.182806969;622.0200195;47.72526932
0.914120018482208;38.699161529541;1.628345013;231.7182922;461.9599915;1.327261448;624.0499878;43.98574448
0.919129967689514;35.6970176696777;1.63836503;230.143631;463.0299988;1.273689508;625.9400024;42.6141777
0.924139976501465;32.5022430419922;1.648385048;229.8184509;463.9299927;1.089580536;627.9699707;40.45768356
0.929149985313416;30.1747779846191;1.658404946;228.0713806;465;1.204953671;630;39.03520966
0.934159994125366;29.3760814666748;1.668424964;227.6110077;466.0599976;1.047814608;632.0200195;37.83504486
0.939170002937317;28.5773849487305;1.678444982;225.3381653;466.9599915;0.9391981363;634.0499878;35.38474655
0.944180011749268;30.4138374328613;1.688464999;224.0912781;468.0299988;1.209764481;635.9400024;34.48194885
0.949190020561218;33.0761604309082;1.698485017;223.7840881;468.9299927;1.029159546;637.9699707;34.04739761
0.954199969768524;34.8752365112305;1.708505034;222.1482239;470;1.312363267;640;33.33583832
0.959209978580475;32.1685523986816;1.718524933;221.1978455;471.0400085;1.027068973;642.0200195;31.04683304
0.964219987392426;29.4618701934814;1.72854495;220.0023651;471.9400024;0.9554706216;644.0499878;31.62252808
0.969229996204376;28.1968364715576;1.738564968;218.9088898;472.980011;1.116682291;645.9400024;29.21757507
0.974240005016327;28.063720703125;1.748584986;217.6925507;474.019989;1.196000576;647.9699707;27.23721695
0.979250013828278;27.9306049346924;1.758605003;217.1095276;475.0700073;0.8424983025;650;25.28881073
0.984259963035583;32.4810943603516;1.768625021;215.5123291;475.9700012;0.9595581293;652.0200195;24.46890259
0.989269971847534;37.2289047241211;1.778645039;214.8174591;477.0100098;1.103117466;654.0499878;22.53106689
0.994279980659485;38.2493667602539;1.788664937;213.4082031;478.0499878;0.8446293473;655.9400024;20.05209541
0.999289989471436;32.6141166687012;1.798684955;212.2544403;478.9500122;1.126760602;657.9699707;18.84396744
1.00429999828339;26.9788684844971;1.808704972;211.5519714;480;0.9633911252;660;16.6156559
1.00931000709534;26.2567329406738;1.81872499;210.3166199;481.0599976;0.9967547655;662;15.4712801
1.01432001590729;27.0998020172119;1.828745008;209.1182861;481.9599915;0.9442276359;664;14.65196419
1.01933002471924;27.9568729400635;1.838765025;207.406662;483.0299988;0.8805085421;666;13.33872318
1.02434003353119;28.8886775970459;1.848785043;206.9621277;483.9299927;0.8257305622;668;12.42259979
1.02935004234314;29.8204822540283;1.858804941;205.5663147;485;0.8241434693;670;11.71274757
1.03436005115509;30.6286735534668;1.868824959;204.7187347;486.0599976;0.8951661587;672;10.75190735
1.03936994075775;31.3386096954346;1.878844976;203.4101868;486.9599915;0.7941679955;674;9.993013382
1.0443799495697;32.0485610961914;1.888864994;203.2165222;488.0299988;0.9281933904;676;8.817993164
1.04938995838165;29.4477882385254;1.898885012;201.9350891;488.9299927;1.021872044;678;8.033741951
1.0543999671936;26.696720123291;1.908905029;200.6095886;490;1.164029479;680;7.81058073
1.05940997600555;26.1096782684326;1.918924928;199.404953;491.0400085;0.93674016;682;6.757081985
1.0644199848175;29.4375820159912;1.928944945;198.3334045;491.9400024;0.8259800673;684;6.194618702
1.06942999362946;32.7654838562012;1.938964963;198.4282074;492.980011;1.000960946;686;6.156837463
1.07444000244141;32.0041389465332;1.948984981;196.554718;494.019989;0.8683639169;688;6.026238918
1.07945001125336;29.9186534881592;1.959004998;196.0520935;495.0700073;0.9341893792;690;5.991737843
1.08446002006531;28.0255012512207;1.969025016;194.2524719;495.9700012;0.9614204764;692;5.544173717
1.08947002887726;27.1824398040771;1.979045033;193.2647247;497.0100098;0.7729547024;694;5.124214172
1.09448003768921;26.3393783569336;1.989064932;192.5776367;498.0499878;0.8748194575;696;4.698450089
1.09949004650116;27.9307842254639;1.999084949;191.0323181;498.9500122;0.9506292939;698;4.999856472
1.10449993610382;31.4804630279541;2.009104967;190.98703;500;0.7741320729;700;4.734051704
1.10950994491577;35.0302276611328;2.019124985;189.2700806;501.0599976;0.5607739091;;
1.11451995372772;33.967960357666;2.029145002;187.8470917;501.9599915;0.5360013843;;
1.11952996253967;32.6811714172363;2.03916502;187.5426025;503.0299988;0.8387030959;;
1.12453997135162;30.7208824157715;2.049185038;186.5755463;503.9299927;0.5435767174;;
1.12954998016357;27.5260963439941;2.059205055;185.0505524;505;0.585113883;;
1.13455998897552;24.3313102722168;2.069225073;184.7687988;506.0599976;0.7075623274;;
1.13956999778748;24.1745948791504;2.07924509;184.0844727;506.9599915;0.5399244428;;
1.14458000659943;25.0176639556885;2.08926487;183.2555695;508.0299988;0.602191925;;
1.14959001541138;25.530668258667;2.099284887;181.2062683;508.9299927;0.4998804629;;
1.15460002422333;24.1995067596436;2.109304905;180.0272675;510;0.4387539625;;
1.15961003303528;22.8683471679687;2.119324923;179.6837158;511.0400085;0.4010105431;;
1.16462004184723;22.5644454956055;2.12934494;179.1664124;511.9400024;0.5512462258;;
1.16963005065918;23.0969047546387;2.139364958;178.0411072;512.9799805;0.6197521091;;
1.17463994026184;23.6293525695801;2.149384975;177.8589935;514.0200195;0.5765658021;;
1.17964994907379;25.7646236419678;2.159404993;176.2719421;515.0700073;0.5841827393;;
1.18465995788574;27.9832248687744;2.169425011;174.9730377;515.9699707;0.4526222348;;
1.18966996669769;27.1424694061279;2.179445028;174.457428;517.0100098;0.4210864007;;
1.19467997550964;20.6197776794434;2.189465046;173.6569977;518.0499878;0.402171731;;
1.19968998432159;14.0970878601074;2.199485064;172.7632141;518.9500122;0.5988023877;;
1.20469999313354;17.8161296844482;2.209505081;171.7041931;520;0.4253595173;;
1.2097100019455;24.9600276947021;2.219525099;170.5205994;521.039978;0.553063333;;
1.21472001075745;31.4040126800537;2.229544878;170.0577545;521.9400024;0.6035731435;;
1.2197300195694;33.8444747924805;2.239564896;168.8857117;522.9799805;0.5178973079;;
1.22474002838135;36.2849349975586;2.249584913;168.4704437;524.0200195;0.4590085447;;
1.2297500371933;35.7333488464355;2.259604931;167.3609009;525.0700073;0.3331047297;;
1.23476004600525;32.7160530090332;2.269624949;167.0201111;525.9699707;0.3386791646;;
1.23976993560791;29.6988258361816;2.279644966;166.1054077;527.0100098;0.3196675479;;
1.24477994441986;28.0690975189209;2.289664984;165.1297913;528.0499878;0.38244766;;
1.24978995323181;26.5160884857178;2.299685001;163.6347351;528.9500122;0.4698512256;;
1.25479996204376;25.4711666107178;2.309705019;163.0143738;530;0.3723227084;;
1.25980997085571;25.3824234008789;2.319725037;162.1086121;531.039978;0.5261773467;;
1.26481997966766;25.29368019104;2.329745054;161.2285614;531.9400024;0.3287756145;;
1.26982998847961;24.2444763183594;2.339765072;160.7587128;532.9799805;0.5258367658;;
1.27483999729156;22.8689422607422;2.349785089;159.9950409;534.0200195;0.3652230799;;
1.27985000610352;21.8945446014404;2.359804869;158.6655273;535.0700073;0.3976696432;;
1.28486001491547;23.2700786590576;2.369824886;158.7301483;535.9699707;0.414070487;;
1.28987002372742;24.6456108093262;2.379844904;157.6222839;537.0100098;0.3523263335;;
1.29488003253937;24.2308940887451;2.389864922;156.643219;538.0499878;0.261780113;;
1.29989004135132;22.3228969573975;2.399884939;156.5016632;538.9500122;0.1218694746;;
1.30489993095398;20.4149436950684;2.409904957;155.3251038;540;0.3421486914;;
1.30990993976593;21.9019908905029;2.419924974;154.0583801;541.0200195;0.4115310907;;
1.31491994857788;23.5881309509277;2.429944992;153.6691589;542.0499878;0.2914480865;;
1.31992995738983;24.8315887451172;2.43996501;152.7937775;542.9400024;0.3360779583;;
1.32493996620178;25.2309341430664;2.449985027;151.9532318;543.9699707;0.4078391194;;
1.32994997501373;25.630277633667;2.460005045;150.83078;545;0.4412042797;;
1.33495998382568;29.8890228271484;2.470025063;150.7187653;546.0200195;0.2872148454;;
1.33996999263763;35.4799003601074;2.48004508;149.2637329;547.0499878;0.2876042426;;
1.34498000144958;39.0746536254883;2.490065098;149.0982361;547.9400024;0.2621654868;;
1.34999001026154;30.6883373260498;2.500084877;148.3148499;548.9699707;0.361743629;;
1.35500001907349;22.3020210266113;2.510104895;147.0175476;550;0.3040499687;;
1.36001002788544;19.6659336090088;2.520124912;146.4852142;551.039978;0.3531366885;;
1.36502003669739;21.8845367431641;2.53014493;145.4685669;551.9400024;0.390424341;;
1.37003004550934;24.1031398773193;2.540164948;145.6542206;552.9799805;0.230646655;;
1.375039935112;22.1435775756836;2.550184965;144.2395935;554.0200195;0.3767976165;;
1.38004994392395;19.9249744415283;2.560204983;143.510025;555.0700073;0.2462852001;;
1.3850599527359;18.5840110778809;2.570225;142.8859406;555.9699707;0.2033925802;;
1.39006996154785;18.9389877319336;2.580245018;141.8934631;557.0100098;0.3244120181;;
1.3950799703598;19.2939643859863;2.590265036;141.5726166;558.0499878;0.2234409899;;
1.40008997917175;19.1232738494873;2.600285053;140.6340637;558.9500122;0.3470875323;;
1.4050999879837;18.7683010101318;2.610305071;140.1958923;560;0.3236704171;;
1.41010999679565;18.4257335662842;2.620325089;139.2583923;561.0200195;0.04179029539;;
1.4151200056076;18.1595020294189;2.630344868;138.4935303;562.0499878;0.2468526363;;
1.42013001441956;17.8932704925537;2.640364885;137.8676453;562.9400024;0.3189538121;;
1.42514002323151;17.9859352111816;2.650384903;136.7229156;563.9699707;0.2588300705;;
1.43015003204346;18.3852844238281;2.660404921;135.2727509;565;0.4067189991;;
1.43516004085541;18.7846336364746;2.670424938;135.4482117;566.0200195;0.2213992476;;
1.44016993045807;20.4750633239746;2.680444956;134.3407288;567.0499878;0.2746672332;;
1.44517993927002;22.2499446868896;2.690464973;134.3581238;567.9400024;0.3081031144;;
1.45018994808197;22.8549289703369;2.700484991;133.6117859;568.9699707;-0.02054231614;;
1.45519995689392;21.1687927246094;2.710505009;132.8404236;570;0.3487751782;;
1.46020996570587;19.4826545715332;2.720525026;131.9197083;571.039978;0.2759440541;;
1.46521997451782;18.9417629241943;2.730545044;131.2522278;571.9400024;0.08264804631;;
1.47022998332977;18.8086452484131;2.740565062;131.1259766;572.9799805;0.3788516521;;
1.47523999214172;18.9669780731201;2.750585079;130.2068481;574.0200195;0.2397663295;;
1.48025000095367;20.9637012481689;2.760605097;128.9232788;575.0700073;0.3554477692;;
1.48526000976562;22.9604263305664;2.770624876;128.4776459;575.9699707;0.3476673663;;
1.49027001857758;23.7436923980713;2.780644894;128.0687408;577.0100098;0.1958054155;;
1.49528002738953;23.4774608612061;2.790664911;127.1611176;578.0499878;0.4049220681;;
1.50029003620148;23.2112274169922;2.800684929;126.6448593;578.9500122;0.2763512433;;
1.50530004501343;21.0352535247803;2.810704947;126.614418;580;0.3051704466;;
1.51030993461609;18.7279624938965;2.820724964;125.9053497;581.0200195;0.2930567861;;
1.51531994342804;17.20849609375;2.830744982;125.3421249;582.0499878;0.2887926102;;
1.52032995223999;17.2528667449951;2.840764999;124.6099396;582.9400024;0.2368392795;;
1.52533996105194;17.2972393035889;2.850785017;123.5367203;583.9699707;0.3817522228;;
1.53034996986389;16.7550220489502;2.860805035;122.55513;585;0.3424730897;;
1.53535997867584;16.0006980895996;2.870825052;122.1223526;586.0200195;0.4285939932;;
1.54036998748779;15.4126615524292;2.88084507;121.7357788;587.0499878;0.4152460992;;
1.54537999629974;15.900749206543;2.890865088;121.0541229;587.9400024;0.4916735888;;
1.55039000511169;16.3888378143311;2.900884867;120.0358887;588.9699707;0.3896525502;;
1.55540001392365;16.7113056182861;2.910904884;119.4883575;590;0.5158685446;;
1.5604100227356;16.8887939453125;2.920924902;119.5243683;591.0200195;0.770993948;;
1.56542003154755;17.0662822723389;2.93094492;118.7291107;592.0499878;0.6141465306;;
1.5704300403595;18.4852619171143;2.940964937;117.9504547;592.9400024;1.15991509;;
1.57543992996216;19.99387550354;2.950984955;117.3651581;593.9699707;1.194042802;;
1.58044993877411;20.3239154815674;2.961004972;116.5937271;595;1.530898213;;
1.58545994758606;18.2828025817871;2.97102499;116.6914063;596.0200195;1.758278608;;
1.59046995639801;16.2416877746582;2.981045008;115.4313812;597.0499878;1.53662622;;
1.59547996520996;17.997838973999;2.991065025;114.581192;597.9400024;1.743417144;;
1.60048997402191;21.1482524871826;3.001085043;114.4420624;598.9699707;1.77850318;;
1.60549998283386;24.2115802764893;3.011105061;113.977562;600;1.323559284;;
1.61050999164581;26.6964149475098;3.021125078;113.3923569;601.0100098;1.988717079;;
1.61552000045776;29.1812496185303;3.031145096;113.0616455;602.0200195;1.957140684;;
1.62053000926971;27.1251182556152;3.041164875;112.5055313;603.039978;2.286768675;;
1.62554001808166;21.0462036132813;3.051184893;111.3472519;604.0499878;2.308499575;;
1.63055002689362;14.9672889709473;3.06120491;111.0848541;605.0700073;2.584768295;;
1.63556003570557;14.9108295440674;3.071224928;110.320816;605.9400024;2.320810795;;
1.64057004451752;15.3101787567139;3.081244946;109.7091675;606.9500122;2.263220787;;
1.64557993412018;16.7606868743896;3.091264963;109.0695801;607.9699707;2.408187866;;
1.65058994293213;20.3548221588135;3.101284981;108.6779633;608.9799805;2.823027611;;
1.65559995174408;23.9489574432373;3.111304998;107.9999008;610;3.05135107;;
1.66060996055603;20.367561340332;3.121325016;108.0616608;611.0200195;2.920480728;;
1.66561996936798;14.1111040115356;3.131345034;107.2359467;612.0499878;3.182196379;;
1.67062997817993;9.08564472198486;3.141365051;105.8986359;612.9400024;3.597487926;;
1.67563998699188;12.4579200744629;3.151385069;106.0743408;613.9699707;3.799175024;;
1.68064999580383;15.8301954269409;3.161405087;105.1891937;615;3.536857843;;
1.68566000461578;16.4652042388916;3.171424866;105.1438751;616.0200195;4.539300919;;
1.69067001342773;14.6459503173828;3.181444883;104.1182404;617.0499878;4.571895599;;
1.69568002223969;12.826696395874;3.191464901;103.8909302;617.9400024;4.947249413;;
1.70069003105164;12.1587543487549;3.201484919;103.3892593;618.9699707;5.60759306;;
1.70570003986359;11.5819225311279;3.211504936;102.4001083;620;7.589725971;;
1.71070992946625;11.6994981765747;3.221524954;102.3228531;621.0100098;10.65661335;;
1.7157199382782;13.2525196075439;3.231544971;101.6925812;622.0200195;14.53710842;;
1.72072994709015;14.8055410385132;3.241564989;101.6830063;623.039978;18.36495209;;
1.7257399559021;14.8456707000732;3.251585007;100.4897232;624.0499878;19.93143272;;
1.73074996471405;14.3132057189941;3.261605024;100.0864258;625.0700073;20.96273422;;
1.735759973526;13.7087240219116;3.271625042;99.73387909;625.9400024;19.71759224;;
1.74076998233795;12.5994234085083;3.28164506;98.7109375;626.9500122;19.10802078;;
1.7457799911499;11.490122795105;3.291665077;98.6451416;627.9699707;19.43138504;;
1.75078999996185;13.823657989502;3.301685095;97.89350891;628.9799805;22.11237335;;
1.7558000087738;19.2814197540283;3.311704874;98.12614441;630;25.60177803;;
1.76081001758575;24.7391796112061;3.321724892;97.1052475;631.0100098;30.79461098;;
1.7658200263977;21.5900821685791;3.331744909;96.59185028;632.0200195;34.57373428;;
1.77083003520966;17.72971534729;3.341764927;95.86584473;633.039978;36.02001572;;
1.77584004402161;14.8585081100464;3.351784945;95.49946594;634.0499878;35.40879059;;
1.78084993362427;14.0598373413086;3.361804962;94.92933655;635.0700073;33.91283798;;
1.78585994243622;13.2611484527588;3.37182498;94.61869812;635.9400024;33.07735443;;
1.79086995124817;12.9432954788208;3.381844997;94.21443939;636.9500122;32.48967743;;
1.79587996006012;12.8101797103882;3.391865015;93.65739441;637.9699707;34.49152756;;
1.80088996887207;13.1204166412354;3.401885033;92.96887207;638.9799805;42.98552322;;
1.80589997768402;16.6258087158203;3.41190505;92.54806519;640;57.9615593;;
1.81090998649597;20.1311988830566;3.421925068;92.07102203;641.0100098;80.45679474;;
1.81591999530792;20.1903133392334;3.431945086;91.8621521;642.0200195;98.28164673;;
1.82093000411987;17.0842704772949;3.441964865;91.58119965;643.039978;109.3197021;;
1.82594001293182;13.9782276153564;3.451984882;90.71826172;644.0499878;110.7472916;;
1.83095002174377;15.0390892028809;3.4620049;90.40596008;645.0700073;112.6875381;;
1.83596003055573;16.4589958190918;3.472024918;89.70500183;645.9400024;112.6602097;;
1.84097003936768;17.3249988555908;3.482044935;89.10163879;646.9500122;111.2341003;;
1.84597992897034;17.0144023895264;3.492064953;88.58078766;647.9699707;110.3854828;;
1.85098993778229;16.7037982940674;3.50208497;88.05950165;648.9799805;111.1719589;;
1.85599994659424;15.9462614059448;3.512104988;87.85751343;650;111.2568054;;
1.86100995540619;15.0144567489624;3.522125006;87.5211792;651.0100098;108.1828003;;
1.86601996421814;14.2144947052002;3.532145023;87.21211243;652.0200195;104.0356369;;
1.87102997303009;14.3919830322266;3.542165041;86.44281006;653.039978;98.24221039;;
1.87603998184204;14.5694713592529;3.552185059;86.12430573;654.0499878;89.07756805;;
1.88104999065399;13.8501014709473;3.562205076;85.99141693;655.0700073;80.53118896;;
1.88605999946594;12.297080039978;3.572225094;85.18952179;655.9400024;74.72232056;;
1.89107000827789;10.7440586090088;3.582244873;84.44690704;656.9500122;72.37610626;;
1.89608001708984;11.1862668991089;3.592264891;84.5389328;657.9699707;69.02268982;;
1.90109002590179;11.8074760437012;3.602284908;83.97418976;658.9799805;68.39061737;;
1.90610003471374;12.0488061904907;3.612304926;83.93284607;660;69.33100891;;
1.9111100435257;11.4719696044922;3.622324944;83.03886414;661;72.1688385;;
1.91611993312836;10.8951463699341;3.632344961;82.82752228;662;75.20452881;;
1.92112994194031;11.5581645965576;3.642364979;82.25584412;663;78.51231384;;
1.92613995075226;12.7118377685547;3.652384996;81.50249481;664;81.40942383;;
1.93114995956421;13.4798822402954;3.662405014;81.63562775;665;80.58769989;;
1.93615996837616;11.3056716918945;3.672425032;80.35234833;666;77.8361969;;
1.94116997718811;9.13146209716797;3.682445049;80.86312103;667;74.56377411;;
1.94617998600006;8.9920768737793;3.692465067;80.23487854;668;72.44992828;;
1.95118999481201;10.7669582366943;3.702485085;79.76243591;669;73.5169754;;
1.95620000362396;12.5418405532837;3.712504864;79.59901428;670;76.78853607;;
1.96121001243591;13.0991430282593;3.722524881;79.1341095;671;81.08435059;;
1.96622002124786;13.5428638458252;3.732544899;77.98189545;672;86.26961517;;
1.97123003005981;13.8890285491943;3.742564917;77.61289215;673;85.96815491;;
1.97624003887177;14.022144317627;3.752584934;77.71412659;674;84.29684448;;
1.98124992847443;14.1552572250366;3.762604952;77.0630188;675;81.89823914;;
1.98625993728638;14.1933994293213;3.772624969;76.34883118;676;76.23387146;;
1.99126994609833;14.1933994293213;3.782644987;76.8221283;677;73.61853027;;
1.99627995491028;14.2434864044189;3.792665005;76.10942841;678;69.84856415;;
2.00129008293152;14.6872129440308;3.802685022;75.83216095;679;67.21774292;;
2.00629997253418;15.1309194564819;3.81270504;75.02534485;680;65.01573944;;
2.01131010055542;16.1884021759033;3.822725058;74.85163116;681;63.92524338;;
2.01631999015808;17.8301429748535;3.832745075;74.44789886;682;62.3248024;;
2.02132987976074;19.4718856811523;3.842764854;73.79477692;683;60.35095215;;
2.02634000778198;18.4841918945313;3.852784872;73.44010925;684;57.73386383;;
2.03134989738464;17.2418155670166;3.86280489;73.45753479;685;54.14486313;;
2.03636002540588;15.8475437164307;3.872824907;72.66497803;686;50.03427124;;
2.04136991500854;14.117091178894;3.882844925;72.76737976;687;47.39237976;;
2.04638004302979;12.3865566253662;3.892864943;71.93050385;688;45.071064;;
2.05138993263245;13.7454643249512;3.90288496;71.86705017;689;42.60516739;;
2.05640006065369;16.3635005950928;3.912904978;71.44972229;690;41.24474335;;
2.06140995025635;18.5816059112549;3.922924995;71.29151917;691;39.42158508;;
2.06642007827759;17.5610332489014;3.932945013;70.71933746;692;38.94964218;;
2.07142996788025;16.5405101776123;3.942965031;70.42835999;693;38.89721298;;
2.07644009590149;15.4973316192627;3.952985048;70.09529114;694;39.40097046;;
2.08144998550415;14.4324178695679;3.963005066;69.37124634;695;39.21482086;;
2.08645987510681;13.367504119873;3.973025084;69.10655212;696;39.69803238;;
2.09147000312805;12.7057638168335;3.983044863;68.88093567;697;39.09231567;;
2.09647989273071;12.0845756530762;3.99306488;68.36982727;698;38.6428299;;
2.10149002075195;12.3656148910522;4.003085136;68.14698029;699;37.81711578;;
2.10649991035461;14.672926902771;4.013104916;67.3600235;700;37.18811798;;
2.11151003837585;16.9803485870361;4.023125172;67.26288605;;;;
2.11651992797852;16.3680992126465;4.033144951;67.18093109;;;;
2.12153005599976;14.5488185882568;4.043165207;66.47335815;;;;
2.12653994560242;13.004695892334;4.053184986;66.41233063;;;;
2.13155007362366;13.7590312957764;4.063204765;66.14720154;;;;
2.13655996322632;14.513331413269;4.073225021;66.03941345;;;;
2.14157009124756;14.436450958252;4.083244801;65.20711517;;;;
2.14657998085022;13.5490226745605;4.093265057;65.04841614;;;;
2.15158987045288;12.6615953445435;4.103284836;64.49720001;;;;
2.15659999847412;15.0695180892944;4.113305092;64.25085449;;;;
2.16160988807678;17.8204936981201;4.123324871;64.49893951;;;;
2.16662001609802;18.446216583252;4.133345127;63.415905;;;;
2.17162990570068;14.2309350967407;4.143364906;63.35961914;;;;
2.17664003372192;10.0154523849487;4.153385162;62.72542572;;;;
2.18164992332458;9.14502239227295;4.163404942;62.38332367;;;;
2.18666005134583;9.67749500274658;4.173425198;62.25654984;;;;
2.19166994094849;10.1269693374634;4.183444977;62.33735275;;;;
2.19668006896973;9.86073303222656;4.193464756;62.04043579;;;;
2.20168995857239;9.59451007843018;4.203485012;61.02074051;;;;
2.20670008659363;8.61363315582275;4.213504791;60.64626312;;;;
2.21170997619629;6.92751979827881;4.223525047;60.98671722;;;;
2.21671986579895;5.24140691757202;4.233544827;60.25189972;;;;
2.22172999382019;9.32309150695801;4.243565083;60.03647614;;;;
2.22673988342285;14.0263729095459;4.253584862;59.41362381;;;;
2.23175001144409;16.5583686828613;4.263605118;59.01103592;;;;
2.23675990104675;14.0735712051392;4.273624897;59.34762573;;;;
2.24177002906799;11.5886554718018;4.283645153;58.76438141;;;;
2.24677991867065;10.7847347259521;4.293664932;58.57539749;;;;
2.25179004669189;10.6959896087646;4.303685188;57.69968414;;;;
2.25679993629456;10.526668548584;4.313704967;58.06054688;;;;
2.2618100643158;9.63919830322266;4.323724747;57.70498657;;;;
2.26681995391846;8.75177097320557;4.333745003;57.13568878;;;;
2.2718300819397;8.99656677246094;4.343764782;57.06984329;;;;
2.27683997154236;10.3720541000366;4.353785038;56.70409393;;;;
2.2818500995636;11.7476072311401;4.363804817;56.26965332;;;;
2.28685998916626;11.7258434295654;4.373825073;55.77975464;;;;
2.29186987876892;11.5483617782593;4.383844852;56.00820923;;;;
2.29688000679016;11.4239559173584;4.393865108;55.34049606;;;;
2.30188989639282;11.4239559173584;4.403884888;55.39693451;;;;
2.30690002441406;11.4239559173584;4.413905144;55.11088181;;;;
2.31190991401672;9.93625640869141;4.423924923;54.62825394;;;;
2.31692004203796;7.80636739730835;4.433945179;54.41931915;;;;
2.32192993164062;6.01103210449219;4.443964958;53.91910553;;;;
2.32694005966187;7.29786348342895;4.453984737;53.64688873;;;;
2.33194994926453;8.58463382720947;4.464004993;53.76237106;;;;
2.33696007728577;9.05493450164795;4.474024773;52.95071411;;;;
2.34196996688843;8.69996929168701;4.484045029;53.09657669;;;;
2.34698009490967;8.34498882293701;4.494064808;52.91280365;;;;
2.35198998451233;10.8547925949097;4.504085064;52.35454559;;;;
2.35699987411499;13.6945104598999;4.514104843;52.04387665;;;;
2.36201000213623;14.7869606018066;4.524125099;51.60281372;;;;
2.36701989173889;11.7253341674805;4.534144878;51.45754242;;;;
2.37203001976013;8.6635627746582;4.544165134;51.42719269;;;;
2.37703990936279;9.76817131042481;4.554184914;50.87949371;;;;
2.38205003738403;12.6967687606812;4.56420517;50.73207855;;;;
2.38705992698669;15.1368064880371;4.574224949;50.23355484;;;;
2.39207005500793;12.9181308746338;4.584245205;50.62921524;;;;
2.3970799446106;10.6995611190796;4.594264984;49.95024872;;;;
2.40209007263184;10.5428028106689;4.604284763;49.67417145;;;;
2.4070999622345;12.4951086044312;4.614305019;49.39036942;;;;
2.41211009025574;14.4475069046021;4.624324799;49.03590393;;;;
2.4171199798584;16.4394683837891;4.634345055;48.8839035;;;;
2.42212986946106;18.4361419677734;4.644364834;48.50640106;;;;
2.4271399974823;19.0543479919434;4.65438509;48.38209534;;;;
2.43214988708496;16.347692489624;4.664404869;47.99455261;;;;
2.4371600151062;13.6409101486206;4.674425125;48.16943359;;;;
2.44216990470886;11.9175748825073;4.684444904;47.50876236;;;;
2.4471800327301;10.6307668685913;4.69446516;47.37685013;;;;
2.45218992233276;9.24207973480225;4.70448494;46.82632446;;;;
2.457200050354;6.84591007232666;4.714505196;46.69564438;;;;
2.46220993995666;4.4498553276062;4.724524975;46.65500641;;;;
2.46722006797791;4.25571346282959;4.734544754;46.31283569;;;;
2.47222995758057;6.34113073348999;4.74456501;46.29002762;;;;
2.47724008560181;8.4266471862793;4.754584789;46.28744888;;;;
2.48224997520447;8.77308082580566;4.764605045;45.37917328;;;;
2.48725986480713;8.90619564056397;4.774624825;45.53785324;;;;
2.49226999282837;8.76895523071289;4.784645081;45.07418442;;;;
2.49727988243103;7.9702844619751;4.79466486;44.92479324;;;;
2.50229001045227;7.17157602310181;4.804685116;44.60046387;;;;
2.50729990005493;9.09582901000977;4.814704895;44.66967773;;;;
2.51231002807617;12.2462902069092;4.824725151;44.00382614;;;;
2.51731991767883;15.0021572113037;4.83474493;44.06986237;;;;
2.52233004570007;13.7153253555298;4.844765186;43.98246765;;;;
2.52733993530273;12.4285545349121;4.854784966;43.6314888;;;;
2.53235006332397;10.9250440597534;4.864804745;43.24890518;;;;
2.53735995292664;9.1945915222168;4.874825001;42.95165253;;;;
2.54237008094788;7.46405696868897;4.88484478;42.91980743;;;;
2.54737997055054;9.94831562042236;4.894865036;42.60414505;;;;
2.55239009857178;12.9657144546509;4.904884815;42.228508;;;;
2.55739998817444;14.2119178771973;4.914905071;41.88554764;;;;
2.5624098777771;11.0616064071655;4.92492485;41.95041656;;;;
2.56742000579834;7.91114568710327;4.934945107;41.70757294;;;;
2.572429895401;5.61375999450684;4.944964886;41.53998947;;;;
2.57744002342224;3.70573425292969;4.954985142;41.30369568;;;;
2.5824499130249;2.3466477394104;4.965004921;40.78829956;;;;
2.58746004104614;6.82837152481079;4.975025177;40.8205719;;;;
2.5924699306488;11.3098821640015;4.985044956;40.52307129;;;;
2.59748005867004;12.0873775482178;4.995064735;40.33451462;;;;
2.6024899482727;8.93706607818604;5.005084991;40.0840683;;;;
2.60750007629395;5.78660535812378;5.015104771;40.11862946;;;;
2.61250996589661;6.67971992492676;5.025125027;39.95002365;;;;
2.61752009391785;8.09967231750488;5.035144806;39.31185913;;;;
2.62252998352051;8.53610706329346;5.045165062;39.56850433;;;;
2.62753987312317;6.49506092071533;5.055184841;38.96000671;;;;
2.63255000114441;4.45391702651978;5.065205097;38.88916397;;;;
2.63755989074707;4.17193508148193;5.075224876;38.60203552;;;;
2.64257001876831;4.70441675186157;5.085245132;38.44601059;;;;
2.64757990837097;5.30680179595947;5.095264912;38.37102509;;;;
2.65259003639221;6.68235540390015;5.105285168;38.15731049;;;;
2.65759992599487;8.05784320831299;5.115304947;37.91593552;;;;
2.66261005401611;8.79130840301514;5.125324726;37.44248199;;;;
2.66761994361877;8.83567905426025;5.135344982;37.54297256;;;;
2.67263007164001;8.880051612854;5.145364761;36.98689651;;;;
2.67763996124268;9.23741436004639;5.155385017;37.02867889;;;;
2.68265008926392;9.63677597045898;5.165404797;36.97919846;;;;
2.68765997886658;9.43730640411377;5.175425053;36.55344009;;;;
2.69266986846924;7.70685482025146;5.185444832;36.17105103;;;;
2.69767999649048;5.97631978988647;5.195465088;35.87235641;;;;
2.70268988609314;6.3293776512146;5.205484867;36.32648468;;;;
2.70770001411438;7.66058254241943;5.215505123;35.59204102;;;;
2.71270990371704;9.00945949554443;5.225524902;35.50510406;;;;
2.71772003173828;10.5625038146973;5.235545158;35.22808456;;;;
2.72272992134094;12.1154747009277;5.245564938;35.35257721;;;;
2.72774004936218;12.307243347168;5.255585194;34.89883804;;;;
2.73274993896484;11.0204963684082;5.265604973;34.65614319;;;;
2.73776006698608;9.73368835449219;5.275624752;34.77360535;;;;
2.74276995658874;9.42169570922852;5.285645008;34.75180817;;;;
2.74778008460999;9.24420166015625;5.295664787;34.39354706;;;;
2.75278997421265;8.67176818847656;5.305685043;34.35671234;;;;
2.75779986381531;7.07442665100098;5.315704823;33.94411469;;;;
2.76280999183655;5.47700977325439;5.325725079;33.92177582;;;;
2.76781988143921;4.90179347991943;5.335744858;33.49821091;;;;
2.77283000946045;4.81304693222046;5.345765114;33.51971817;;;;
2.77783989906311;4.85063791275024;5.355784893;33.35378647;;;;
2.78285002708435;6.40368175506592;5.365805149;33.11761475;;;;
2.78785991668701;7.95665216445923;5.375824928;32.87192917;;;;
2.79287004470825;8.24148273468018;5.385845184;32.68160248;;;;
2.79787993431091;7.13221836090088;5.395864964;32.35312653;;;;
2.80289006233215;6.02290105819702;5.405884743;32.26662064;;;;
2.80789995193481;4.21417570114136;5.415904999;32.1646347;;;;
2.81291007995605;2.30611515045166;5.425924778;32.09157562;;;;
2.81791996955872;1.52139592170715;5.435945034;31.86111069;;;;
2.82293009757996;3.69565773010254;5.445964813;31.5816288;;;;
2.82793998718262;5.86981582641602;5.455985069;31.55008316;;;;
2.83294987678528;6.6971492767334;5.466004848;31.59781265;;;;
2.83796000480652;6.87464332580566;5.476025105;30.91292191;;;;
2.84296989440918;7.14072608947754;5.486044884;30.87743187;;;;
2.84798002243042;8.51627922058105;5.49606514;30.6424408;;;;
2.85298991203308;9.89176750183105;5.506084919;30.58154297;;;;
2.85800004005432;9.92306137084961;5.516105175;30.15174484;;;;
2.86300992965698;8.45880508422852;5.526124954;30.34867477;;;;
2.86802005767822;6.99447965621948;5.536144733;30.17282104;;;;
2.87302994728088;6.73076343536377;5.546164989;30.20278931;;;;
2.87804007530212;6.64201784133911;5.556184769;30.08520889;;;;
2.88304996490479;6.40836334228516;5.566205025;29.64159775;;;;
2.88806009292603;5.78714561462402;5.576224804;29.61383629;;;;
2.89306998252869;5.1659574508667;5.58624506;29.17949295;;;;
2.89807987213135;5.79623651504517;5.596264839;29.25727844;;;;
2.90309000015259;7.03869438171387;5.606285095;29.05256653;;;;
2.90809988975525;8.18349266052246;5.616304874;29.17875099;;;;
2.91311001777649;8.05037498474121;5.62632513;28.58933449;;;;
2.91811990737915;7.91726350784302;5.63634491;28.62154007;;;;
2.92313003540039;8.45202255249023;5.646365166;28.24559402;;;;
2.92813992500305;9.73879337310791;5.656384945;27.95447922;;;;
2.93315005302429;11.0256242752075;5.666404724;28.10919571;;;;
2.93815994262695;9.53365612030029;5.67642498;28.06114578;;;;
2.94317007064819;7.6256308555603;5.686444759;27.63717651;;;;
2.94817996025085;6.37456560134888;5.696465015;27.43637657;;;;
2.95319008827209;6.90703773498535;5.706484795;27.53860474;;;;
2.95819997787476;7.4394850730896;5.716505051;27.19387245;;;;
2.96320986747742;8.95084953308105;5.72652483;27.2300148;;;;
2.96821999549866;10.947657585144;5.736545086;26.76863098;;;;
2.97322988510132;12.5584049224854;5.746564865;26.81536865;;;;
2.97824001312256;8.87547206878662;5.756585121;26.88398361;;;;
2.98324990272522;5.19271373748779;5.7666049;26.35215378;;;;
2.98826003074646;3.47987604141235;5.776625156;26.19055748;;;;
2.99326992034912;4.01233243942261;5.786644936;26.40964699;;;;
2.99828004837036;4.5448145866394;5.796665192;25.99753761;;;;
3.00328993797302;6.26953125;5.806684971;26.03515053;;;;
3.00830006599426;8.17755699157715;5.81670475;25.7648983;;;;
3.01330995559692;9.67214202880859;5.826725006;25.87208176;;;;
3.01832008361816;10.0271301269531;5.836744785;25.56099319;;;;
3.02332997322082;10.38210105896;5.846765041;25.3310051;;;;
3.02833986282349;10.5598726272583;5.856784821;25.31232452;;;;
3.03334999084473;10.6486186981201;5.866805077;25.13709831;;;;
3.03835988044739;10.5932445526123;5.876824856;24.95361519;;;;
3.04337000846863;8.46335506439209;5.886845112;24.74211502;;;;
3.04837989807129;6.33356714248657;5.896864891;24.72590065;;;;
3.05339002609253;5.31633806228638;5.906885147;24.71728134;;;;
3.05839991569519;5.5825662612915;5.916904926;24.4147644;;;;
3.06341004371643;5.8488073348999;5.926925182;24.28996468;;;;
3.06841993331909;6.07670402526855;5.936944962;24.09693336;;;;
3.07343006134033;6.29856777191162;5.946964741;24.23138809;;;;
3.07843995094299;6.69558048248291;5.956984997;23.86743164;;;;
3.08345007896423;7.58305025100708;5.967004776;23.5445385;;;;
3.08845996856689;8.47047805786133;5.977025032;23.47287369;;;;
3.09347009658814;8.3582820892334;5.987044811;23.40181923;;;;
3.0984799861908;7.73709440231323;5.997065067;23.27794266;;;;
3.10348987579346;7.20388317108154;6.007084846;23.19974899;;;;
3.1085000038147;8.00259113311768;6.017105103;22.958395;;;;
3.11350989341736;8.80126190185547;6.027124882;22.85168076;;;;
3.1185200214386;8.20787239074707;6.037145138;22.6881218;;;;
3.12352991104126;5.98930358886719;6.047164917;22.51198387;;;;
3.1285400390625;3.77062845230103;6.057185173;22.55289841;;;;
3.13354992866516;3.72916412353516;6.067204952;22.53458977;;;;
3.1385600566864;4.03977298736572;6.077224731;22.32131577;;;;
3.14356994628906;4.23492670059204;6.087244987;22.05087662;;;;
3.1485800743103;4.10180616378784;6.097264767;22.01330185;;;;
3.15358996391296;3.96869206428528;6.107285023;21.86805916;;;;
3.1586000919342;4.47948169708252;6.117304802;21.71217155;;;;
3.16360998153687;5.32252264022827;6.127325058;21.82998276;;;;
3.16861987113953;6.07661151885986;6.137344837;21.44691849;;;;
3.17362999916077;5.41102123260498;6.147365093;21.41648865;;;;
3.17863988876343;4.74546241760254;6.157384872;21.32798386;;;;
3.18365001678467;4.03918790817261;6.167405128;21.14524841;;;;
3.18865990638733;3.2848744392395;6.177424908;21.10662079;;;;
3.19367003440857;2.53052496910095;6.187445164;21.06688881;;;;
3.19867992401123;4.93530130386353;6.197464943;20.89449501;;;;
3.20369005203247;7.86389875411987;6.207484722;20.86296844;;;;
3.20869994163513;9.29750728607178;6.217504978;20.63673782;;;;
3.21371006965637;6.41322946548462;6.227524757;20.70864677;;;;
3.21871995925903;3.5290892124176;6.237545013;20.43224907;;;;
3.22373008728027;3.20877432823181;6.247564793;20.53712845;;;;
3.22873997688293;4.22929763793945;6.257585049;20.28940964;;;;
3.2337498664856;5.20512342453003;6.267604828;20.19130898;;;;
3.23875999450684;5.42699098587036;6.277625084;20.03835487;;;;
3.2437698841095;5.64884805679321;6.287644863;19.84266663;;;;
3.24878001213074;6.05258417129517;6.297665119;19.67171097;;;;
3.2537899017334;6.67377233505249;6.307684898;19.53765678;;;;
3.25880002975464;7.29499006271362;6.317705154;19.41847801;;;;
3.2638099193573;8.90231037139893;6.327724934;19.19701385;;;;
3.26882004737854;10.6772174835205;6.33774519;19.30292511;;;;
3.2738299369812;11.4031820297241;6.347764969;19.13116264;;;;
3.27884006500244;9.0513858795166;6.357784748;19.18570518;;;;
3.2838499546051;6.69970226287842;6.367805004;18.91676903;;;;
3.28886008262634;6.23309803009033;6.377824783;18.98262215;;;;
3.293869972229;6.76554489135742;6.387845039;18.86078072;;;;
3.29887986183167;7.20398330688477;6.397864819;18.39725494;;;;
3.3038899898529;5.96152544021606;6.407885075;18.6765461;;;;
3.30889987945557;4.71912622451782;6.417904854;18.54230499;;;;
3.31391000747681;4.70123958587646;6.42792511;18.11742973;;;;
3.31891989707947;6.16546869277954;6.437944889;18.18481827;;;;
3.32393002510071;7.62976789474487;6.447965145;18.33841705;;;;
3.32893991470337;6.86408424377441;6.457984924;18.35024643;;;;
3.33395004272461;5.71039438247681;6.46800518;18.09624672;;;;
3.33895993232727;5.19202518463135;6.47802496;17.79021072;;;;
3.34397006034851;6.56760358810425;6.488044739;17.76885605;;;;
3.34897994995117;7.94311714172363;6.498064995;17.6163826;;;;
3.35399007797241;7.44216251373291;6.508084774;17.26976776;;;;
3.35899996757507;5.93356275558472;6.51810503;17.47163391;;;;
3.36400985717773;4.49812889099121;6.528124809;17.36345863;;;;
3.36901998519897;4.45375537872314;6.538145065;17.35418701;;;;
3.37402987480164;4.40938377380371;6.548164845;16.96035957;;;;
3.37904000282288;5.20256376266479;6.558185101;17.0103035;;;;
3.38404989242554;7.02175760269165;6.56820488;16.55604744;;;;
3.38906002044678;8.84103870391846;6.578225136;16.75642395;;;;
3.39406991004944;8.62646961212158;6.588244915;16.70085716;;;;
3.39908003807068;8.04961395263672;6.598265171;16.73708344;;;;
3.40408992767334;7.99044609069824;6.60828495;16.40121078;;;;
3.40910005569458;9.49911785125732;6.618304729;16.36143875;;;;
3.41410994529724;11.0077180862427;6.628324986;16.15992737;;;;
3.41912007331848;9.90137100219727;6.638344765;16.26734924;;;;
3.42412996292114;7.37224769592285;6.648365021;16.04487419;;;;
3.42914009094238;4.92436695098877;6.6583848;16.14079285;;;;
3.43414998054504;4.12568187713623;6.668405056;16.04323387;;;;
3.4391598701477;3.32699704170227;6.678424835;15.78540993;;;;
3.44416999816895;3.855464220047;6.688445091;15.84370899;;;;
3.44917988777161;6.02962255477905;6.69846487;15.50370979;;;;
3.45419001579285;8.20388507843018;6.708485126;15.45330524;;;;
3.45919990539551;7.60087490081787;6.718504906;15.26279259;;;;
3.46421003341675;6.49153709411621;6.728525162;15.37106514;;;;
3.46921992301941;5.22992372512817;6.738544941;14.9828968;;;;
3.47423005104065;3.49938869476318;6.74856472;15.2250061;;;;
3.47923994064331;1.76893603801727;6.758584976;14.97417736;;;;
3.48425006866455;1.26834857463837;6.768604755;14.91709137;;;;
3.48925995826721;1.44583094120026;6.778625011;14.81818867;;;;
3.49427008628845;1.77372181415558;6.788644791;14.83108234;;;;
3.49927997589111;5.36780452728271;6.798665047;14.54004097;;;;
3.50428986549377;8.96188735961914;6.808684826;14.62498474;;;;
3.50929999351501;9.46703052520752;6.818705082;14.45308685;;;;
3.51430988311768;6.09486627578735;6.828724861;14.53169441;;;;
3.51932001113892;2.72254133224487;6.838745117;14.2287674;;;;
3.52432990074158;4.13710594177246;6.848764896;14.18083668;;;;
3.52934002876282;6.44452810287476;6.858785152;14.15356255;;;;
3.53434991836548;7.87050008773804;6.868804932;14.04723549;;;;
3.53936004638672;6.53931903839111;6.878825188;14.01948738;;;;
3.54436993598938;5.20820188522339;6.888844967;13.93013477;;;;
3.54938006401062;5.07278394699097;6.898864746;14.02784443;;;;
3.55438995361328;5.60524082183838;6.908885002;13.73957825;;;;
3.55940008163452;6.05389738082886;6.918904781;13.76753426;;;;
3.56440997123718;4.54529762268066;6.928925037;13.38098431;;;;
3.56941986083984;3.03669762611389;6.938944817;13.57346344;;;;
3.57442998886108;3.01326751708984;6.948965073;13.48792839;;;;
3.57943987846375;4.87683200836182;6.958984852;13.52827454;;;;
3.58445000648499;6.74048471450806;6.969005108;13.25650978;;;;
3.58945989608765;4.65412664413452;6.979024887;13.13328075;;;;
3.59447002410889;1.81422245502472;6.989045143;13.29490185;;;;
3.59947991371155;0.375632733106613;6.999064922;13.14306355;;;;
3.60449004173279;3.39297580718994;7.009085178;13.04354382;;;;
3.60949993133545;6.41017532348633;7.019104958;12.93778419;;;;
3.61451005935669;7.1605224609375;7.029124737;13.05297565;;;;
3.61951994895935;6.62806558609009;7.039144993;12.78521729;;;;
3.62453007698059;6.18342590332031;7.049164772;12.72647476;;;;
3.62953996658325;7.95824909210205;7.059185028;12.60960197;;;;
3.63454985618591;9.73307228088379;7.069204807;12.39761353;;;;
3.63955998420715;10.1493062973022;7.079225063;12.45712185;;;;
3.64456987380981;8.81818866729736;7.089244843;12.57055855;;;;
3.64958000183105;7.48700761795044;7.099265099;12.27223778;;;;
3.65458989143372;6.93561363220215;7.109284878;12.27272224;;;;
3.65960001945496;6.53625249862671;7.119305134;12.33050728;;;;
3.66460990905762;6.37799453735352;7.129324913;12.0700016;;;;
3.66962003707886;6.99921274185181;7.139345169;11.97421074;;;;
3.67462992668152;7.62040090560913;7.149364948;11.86885834;;;;
3.67964005470276;8.80572319030762;7.159384727;11.91681671;;;;
3.68464994430542;10.3143501281738;7.169404984;11.69359875;;;;
3.68966007232666;11.6720933914185;7.179424763;11.71308613;;;;
3.69466996192932;8.87674713134766;7.189445019;11.67612648;;;;
3.69968008995056;6.08126735687256;7.199464798;11.59519482;;;;
3.70468997955322;5.05936765670776;7.209485054;11.5581646;;;;
3.70969986915588;6.34611463546753;7.219504833;11.31779575;;;;
3.71470999717712;7.63292264938354;7.229525089;11.36499214;;;;
3.71971988677978;7.88375520706177;7.239544868;11.24141407;;;;
3.72473001480103;7.92812824249268;7.249565125;11.28048134;;;;
3.72973990440369;8.13808059692383;7.259584904;11.17237377;;;;
3.73475003242493;8.89241600036621;7.26960516;11.04779625;;;;
3.73975992202759;9.64671611785889;7.279624939;11.03694439;;;;
3.74477005004883;8.60446357727051;7.289644718;11.01750755;;;;
3.74977993965149;6.51900863647461;7.299664974;10.72958946;;;;
3.75479006767273;4.49180698394775;7.309684753;10.98194218;;;;
3.75979995727539;4.22558355331421;7.319705009;10.75771141;;;;
3.76481008529663;3.95934748649597;7.329724789;10.68113899;;;;
3.76981997489929;4.17171955108643;7.339745045;10.52679729;;;;
3.77482986450195;5.0147762298584;7.349764824;10.41095638;;;;
3.77983999252319;5.8578724861145;7.35978508;10.42236519;;;;
3.78484988212585;5.44747114181519;7.369804859;10.16966152;;;;
3.7898600101471;4.7818808555603;7.379825115;10.27763939;;;;
3.79486989974976;4.3410701751709;7.389844894;10.24691772;;;;
3.799880027771;4.65167856216431;7.39986515;10.25682926;;;;
3.80488991737366;4.96227264404297;7.40988493;10.21927071;;;;
3.8099000453949;5.4684567451477;7.419904709;9.9401474;;;;
3.81490993499756;6.08965635299683;7.429924965;10.14127159;;;;
3.8199200630188;6.64121532440186;7.439944744;10.07440662;;;;
3.82492995262146;4.86639213562012;7.449965;9.841460228;;;;
3.8299400806427;3.09148478507996;7.459984779;9.987345695;;;;
3.83494997024536;3.46487712860107;7.470005035;9.725305557;;;;
3.83995985984802;6.70398855209351;7.480024815;9.552513123;;;;
3.84496998786926;9.9432544708252;7.490045071;9.716794968;;;;
3.84997987747192;8.22336196899414;7.50006485;9.601326942;;;;
3.85499000549316;5.47225475311279;7.510085106;9.494543076;;;;
3.85999989509583;3.28591442108154;7.520104885;9.485192299;;;;
3.86501002311707;3.01967835426331;7.530125141;9.465162277;;;;
3.87001991271973;2.75345492362976;7.54014492;9.362569809;;;;
3.87503004074097;2.07012939453125;7.550165176;9.264813423;;;;
3.88003993034363;1.13833010196686;7.560184956;9.1584692;;;;
3.88505005836487;0.26087275147438;7.570204735;9.119037628;;;;
3.89005994796753;1.41450786590576;7.580224991;9.205452919;;;;
3.89507007598877;2.56819772720337;7.59024477;9.207416534;;;;
3.90007996559143;3.02336144447327;7.600265026;8.879641533;;;;
3.90508985519409;2.53527617454529;7.610284805;9.101258278;;;;
3.91009998321533;2.04716777801514;7.620305061;8.936117172;;;;
3.91510987281799;3.02308869361877;7.630324841;8.890143394;;;;
3.92012000083923;4.30989694595337;7.640345097;8.627321243;;;;
3.92512989044189;5.39765024185181;7.650364876;8.800971985;;;;
3.93014001846313;5.79701137542725;7.660385132;8.615873337;;;;
3.9351499080658;6.19635391235352;7.670404911;8.64707756;;;;
3.94016003608704;5.18431997299194;7.680425167;8.492035866;;;;
3.9451699256897;3.32075548171997;7.690444946;8.473428726;;;;
3.95018005371094;1.47963309288025;7.700464725;8.395201683;;;;
3.9551899433136;0.59222149848938;7.710484982;8.376693726;;;;
3.96020007133484;-0.295232355594635;7.720504761;8.510850906;;;;
3.9652099609375;-0.245409935712814;7.730525017;8.259928703;;;;
3.97022008895874;1.08579516410828;7.740544796;8.2602005;;;;
3.9752299785614;2.41693687438965;7.750565052;8.029603958;;;;
3.98023986816406;3.89392638206482;7.760584831;8.008282661;;;;
3.9852499961853;5.40259790420532;7.770605087;8.030930519;;;;
3.99025988578796;6.01787567138672;7.780624866;8.145460129;;;;
3.9952700138092;3.48863220214844;7.790645123;7.786523342;;;;
4.00027990341186;0.959509253501892;7.800664902;8.019560814;;;;
4.00529003143311;0.633424699306488;7.810685158;7.711867332;;;;
4.01030015945435;1.65403389930725;7.820704937;7.711119175;;;;
4.01530981063843;2.68434715270996;7.830724716;7.673500061;;;;
4.02031993865967;4.19301843643188;7.840744972;7.556342125;;;;
4.02533006668091;5.70169019699097;7.850764751;7.636802673;;;;
4.03034019470215;6.26096248626709;7.860785007;7.538053036;;;;
4.03534984588623;5.50669860839844;7.870804787;7.479374886;;;;
4.04035997390747;4.7523627281189;7.880825043;7.520234585;;;;
4.04537010192871;4.43405914306641;7.890844822;7.268340111;;;;
4.05037975311279;4.21221685409546;7.900865078;7.392151833;;;;
4.05538988113403;4.05813932418823;7.910884857;7.353231907;;;;
4.06040000915527;4.14688491821289;7.920905113;7.298487186;;;;
4.06541013717651;4.23563051223755;7.930924892;7.219596863;;;;
4.0704197883606;4.54361009597778;7.940945148;7.222349644;;;;
4.07542991638184;4.98735332489014;7.950964928;7.057293892;;;;
4.08044004440308;5.42881536483765;7.960984707;7.063612461;;;;
4.08545017242432;5.73942422866821;7.971004963;6.910936832;;;;
4.0904598236084;6.05000352859497;7.981024742;6.815400124;;;;
4.09546995162964;5.52898836135864;7.991044998;6.901712894;;;;
4.10048007965088;3.84282612800598;8.001065254;6.843505859;;;;
4.10549020767212;2.1566641330719;8.011084557;6.79479599;;;;
4.1104998588562;1.88249683380127;8.021104813;6.794808865;;;;
4.11550998687744;1.92686951160431;8.031125069;6.785770416;;;;
4.12052011489868;2.3151421546936;8.041145325;6.641489983;;;;
4.12552976608276;3.95677542686462;8.051164627;6.661486626;;;;
4.130539894104;5.59856510162354;8.061184883;6.650823116;;;;
4.13555002212524;4.84026765823364;8.071205139;6.514681339;;;;
4.14056015014648;2.57717752456665;8.081225395;6.48639679;;;;
4.14556980133057;0.343680381774902;8.091244698;6.574160576;;;;
4.15057992935181;0.166189610958099;8.101264954;6.350884914;;;;
4.15559005737305;-0.0113011617213488;8.11128521;6.468259335;;;;
4.16060018539429;2.01316118240356;8.121304512;6.293351173;;;;
4.16560983657837;7.15990352630615;8.131324768;6.314665794;;;;
4.17061996459961;12.3071355819702;8.141345024;6.291974545;;;;
4.17563009262085;9.84360408782959;8.15136528;6.448304176;;;;
4.18063974380493;5.62860012054443;8.161384583;6.042425156;;;;
4.18564987182617;2.46796941757202;8.171404839;6.071442604;;;;
4.19065999984741;3.22230529785156;8.181425095;6.129393578;;;;
4.19567012786865;3.9766411781311;8.191445351;6.100915909;;;;
4.20067977905273;4.67664432525635;8.201464653;5.909018993;;;;
4.20568990707397;5.3422589302063;8.211484909;5.905229092;;;;
4.21070003509521;5.98662662506104;8.221505165;5.868292332;;;;
4.21571016311646;4.74419116973877;8.231524467;5.889292717;;;;
4.22071981430054;3.50187420845032;8.241544724;5.579929352;;;;
4.22572994232178;3.26123452186584;8.25156498;5.715373039;;;;
4.23074007034302;4.45929718017578;8.261585236;5.696408749;;;;
4.23575019836426;5.65735960006714;8.271604538;5.81935215;;;;
4.24075984954834;4.26800060272217;8.281624794;5.606970787;;;;
4.24576997756958;2.27122974395752;8.29164505;5.443635464;;;;
4.25078010559082;1.10097658634186;8.301665306;5.568955421;;;;
4.2557897567749;3.05318927764893;8.311684608;5.551398277;;;;
4.26079988479614;5.00558757781982;8.321704865;5.455386639;;;;
4.26581001281738;4.82439231872559;8.331725121;5.426190853;;;;
4.27082014083862;3.27129125595093;8.341745377;5.388177395;;;;
4.27582979202271;1.75100457668304;8.351764679;5.424325466;;;;
4.28083992004395;4.23587512969971;8.361784935;5.379196167;;;;
4.28585004806519;6.72074604034424;8.371805191;5.328625679;;;;
4.29086017608643;7.23450946807861;8.381824493;5.252121925;;;;
4.29586982727051;4.88298082351685;8.391844749;5.165232182;;;;
4.30087995529175;2.5312283039093;8.401865005;5.077975273;;;;
4.30589008331299;0.215279504656792;8.411885262;5.144188404;;;;
4.31089973449707;-2.09188103675842;8.421904564;5.203611374;;;;
4.31590986251831;-3.43834543228149;8.43192482;5.039309978;;;;
4.32091999053955;-1.08659267425537;8.441945076;4.883856297;;;;
4.32593011856079;1.26516008377075;8.451965332;5.019750595;;;;
4.33093976974487;2.05811166763306;8.461984634;4.951403618;;;;
4.33594989776611;1.83624017238617;8.47200489;4.884549141;;;;
4.34096002578735;1.60159778594971;8.482025146;4.875948906;;;;
4.34597015380859;-1.10513639450073;8.492045403;4.703025341;;;;
4.35097980499268;-3.81161308288574;8.502064705;4.750320435;;;;
4.35598993301392;-4.00556993484497;8.512084961;4.69265604;;;;
4.36100006103516;-0.500127136707306;8.522105217;4.759625912;;;;
4.3660101890564;3.00531554222107;8.532124519;4.626328945;;;;
4.37101984024048;2.83654141426086;8.542144775;4.635071278;;;;
4.37602996826172;1.77159678936005;8.552165031;4.490412712;;;;
4.38104009628296;1.23888254165649;8.562185287;4.653450012;;;;
4.38604974746704;2.79183554649353;8.57220459;4.42364645;;;;
4.39105987548828;4.34493637084961;8.582224846;4.414456367;;;;
4.39607000350952;4.6142315864563;8.592245102;4.652675152;;;;
4.40108013153076;4.03738689422607;8.602265358;4.374142647;;;;
4.40608978271484;3.45901727676392;8.61228466;4.451966763;;;;
4.41109991073608;2.12783670425415;8.622304916;4.345301628;;;;
4.41611003875732;0.79665595293045;8.632325172;4.306350708;;;;
4.42112016677856;0.0712699666619301;8.642344475;4.249695778;;;;
4.42612981796265;0.24874384701252;8.652364731;4.220448971;;;;
4.43113994598389;0.426234632730484;8.662384987;4.249624252;;;;
4.43615007400513;1.95416378974915;8.672405243;4.162436962;;;;
4.44116020202637;3.81781673431396;8.682424545;4.055170536;;;;
4.44616985321045;4.96155261993408;8.692444801;4.104262352;;;;
4.45117998123169;3.23095440864563;8.702465057;3.987826109;;;;
4.45619010925293;1.50035619735718;8.712485313;4.075339317;;;;
4.46119976043701;1.95198881626129;8.722504616;3.980192661;;;;
4.46620988845825;3.86001467704773;8.732524872;3.940250874;;;;
4.47122001647949;5.7680401802063;8.742545128;3.93769598;;;;
4.47623014450073;5.50366640090942;8.752565384;3.968892574;;;;
4.48123979568481;5.23745536804199;8.762584686;3.862722397;;;;
4.48624992370605;4.84744262695313;8.772604942;3.901784897;;;;
4.49126005172729;4.2705979347229;8.782625198;3.680524826;;;;
4.49627017974854;3.6937530040741;8.792644501;3.621841908;;;;
4.50127983093262;2.86914396286011;8.802664757;3.679479122;;;;
4.50628995895386;1.98169016838074;8.812685013;3.659122944;;;;
4.5113000869751;1.12049472332001;8.822705269;3.662048817;;;;
4.51630973815918;0.366203129291534;8.832724571;3.554094791;;;;
4.52131986618042;-0.388160228729248;8.842744827;3.582991362;;;;
4.52632999420166;0.0490561090409756;8.852765083;3.554639101;;;;
4.5313401222229;1.2914913892746;8.862785339;3.573106766;;;;
4.53634977340698;2.53380846977234;8.872804642;3.46648097;;;;
4.54135990142822;2.22925996780396;8.882824898;3.39141655;;;;
4.54637002944946;1.91865110397339;8.892845154;3.486286879;;;;
4.5513801574707;1.39742505550385;8.90286541;3.48791194;;;;
4.55638980865479;0.554424226284027;8.912884712;3.263557911;;;;
4.56139993667603;-0.288656890392303;8.922904968;3.341672182;;;;
4.56641006469727;0.843482315540314;8.932925224;3.419764996;;;;
4.57142019271851;2.48527193069458;8.942944527;3.352684498;;;;
4.57642984390259;3.28217911720276;8.952964783;3.207363129;;;;
4.58143997192383;0.575345695018768;8.962985039;3.448409557;;;;
4.58645009994507;-2.13148760795593;8.973005295;3.226522923;;;;
4.59145975112915;-0.649301767349243;8.983024597;3.062453747;;;;
4.59646987915039;3.69922184944153;8.993044853;3.178304672;;;;
4.60148000717163;8.04774570465088;9.003065109;3.10970068;;;;
4.60649013519287;6.18259334564209;9.013085365;3.043941975;;;;
4.61149978637695;4.27474927902222;9.023104668;3.014664412;;;;
4.61650991439819;2.61055183410645;9.033124924;2.948559523;;;;
4.62152004241943;1.32374370098114;9.04314518;3.043215275;;;;
4.62653017044067;0.0369356982409954;9.053164482;2.851310492;;;;
4.63153982162476;0.507082641124725;9.063184738;2.938281298;;;;
4.636549949646;1.43890917301178;9.073204994;2.957178593;;;;
4.64156007766724;2.26038718223572;9.08322525;2.830429554;;;;
4.64656972885132;2.61534786224365;9.093244553;2.772478104;;;;
4.65157985687256;2.97034239768982;9.103264809;2.830789089;;;;
4.6565899848938;2.40786981582642;9.113285065;2.7730937;;;;
4.66160011291504;1.20980727672577;9.123305321;2.927776098;;;;
4.66660976409912;0.0118586197495461;9.133324623;2.704983234;;;;
4.67161989212036;-1.09833717346191;9.143344879;2.657027245;;;;
4.6766300201416;-2.20765447616577;9.153365135;2.609077454;;;;
4.68164014816284;-1.3464390039444;9.163385391;2.686555147;;;;
4.68664979934692;2.60235476493835;9.173404694;2.609094143;;;;
4.69165992736816;6.55152463912964;9.18342495;2.551009655;;;;
4.6966700553894;5.21482849121094;9.193445206;2.571903944;;;;
4.70168018341064;2.46372127532959;9.203464508;2.608571053;;;;
4.70668983459473;0.681887149810791;9.213484764;2.424541712;;;;
4.71169996261597;3.07810020446777;9.22350502;2.455790043;;;;
4.71671009063721;5.47431325912476;9.233525276;2.425345421;;;;
4.72171974182129;5.49715042114258;9.243544579;2.542915821;;;;
4.72672986984253;3.85536050796509;9.253564835;2.398326397;;;;
4.73173999786377;2.21357083320618;9.263585091;2.359186411;;;;
4.73675012588501;-0.654690504074097;9.273605347;2.301260948;;;;
4.74175977706909;-3.53864097595215;9.283624649;2.406674147;;;;
4.74676990509033;-4.10758447647095;9.293644905;2.223295927;;;;
4.75178003311157;-1.00149583816528;9.303665161;2.339671373;;;;
4.75679016113281;2.1045925617218;9.313684464;2.176798344;;;;
4.76179981231689;3.25765013694763;9.32370472;2.290891171;;;;
4.76680994033814;3.8788902759552;9.333724976;2.231859207;;;;
4.77182006835937;4.05588436126709;9.343745232;2.213459015;;;;
4.77683019638062;2.28097677230835;9.353764534;2.175498009;;;;
4.7818398475647;0.506238043308258;9.36378479;2.128169537;;;;
4.78684997558594;0.210313111543655;9.373805046;2.205191135;;;;
4.79186010360718;0.964648842811585;9.383825302;2.068443775;;;;
4.79686975479126;1.71891272068024;9.393844604;2.098532677;;;;
4.8018798828125;2.08024168014526;9.403864861;2.126799107;;;;
4.80689001083374;2.43522334098816;9.413885117;1.876263261;;;;
4.81190013885498;2.90934014320374;9.423905373;2.001859665;;;;
4.81690979003906;3.57486701011658;9.433924675;1.896012664;;;;
4.8219199180603;4.24045753479004;9.443944931;1.96383667;;;;
4.82693004608154;6.64311408996582;9.453965187;1.924056768;;;;
4.83194017410278;9.52744483947754;9.463984489;1.905626535;;;;
4.83694982528687;11.34339427948;9.474004745;1.894489527;;;;
4.84195995330811;8.37042427062988;9.484025002;1.858785868;;;;
4.84697008132935;5.39745426177978;9.494045258;1.884239197;;;;
4.85197973251343;3.61211538314819;9.50406456;1.895879984;;;;
4.85698986053467;2.68028879165649;9.514084816;1.788906097;;;;
4.86199998855591;1.74846220016479;9.524105072;1.73206687;;;;
4.86701011657715;1.60029280185699;9.534125328;1.70191133;;;;
4.87201976776123;1.46718752384186;9.54414463;1.722775817;;;;
4.87702989578247;1.11457514762878;9.554164886;1.682482004;;;;
4.88204002380371;0.404612094163895;9.564185143;1.58649981;;;;
4.88705015182495;-0.30535101890564;9.574205399;1.618411422;;;;
4.89205980300903;1.92622625827789;9.584224701;1.577271223;;;;
4.89706993103027;4.98805379867554;9.594244957;1.664821863;;;;
4.90208005905151;7.27767896652222;9.604265213;1.529152274;;;;
4.90709018707275;6.03524351119995;9.614284515;1.472891212;;;;
4.91209983825684;4.79292631149292;9.624304771;1.529638529;;;;
4.91710996627808;5.296799659729;9.634325027;1.52687788;;;;
4.92212009429932;7.07170724868774;9.644345284;1.606990218;;;;
4.9271297454834;8.84644603729248;9.654364586;1.461835504;;;;
4.93213987350464;6.80203342437744;9.664384842;1.433043122;;;;
4.93715000152588;4.67214393615723;9.674405098;1.395137548;;;;
4.94216012954712;3.07835912704468;9.684425354;1.345354438;;;;
4.9471697807312;2.36846375465393;9.694444656;1.480331779;;;;
4.95217990875244;1.65850055217743;9.704464912;1.365636468;;;;
4.95719003677368;2.25856256484985;9.714485168;1.33684814;;;;
4.96220016479492;3.23479747772217;9.724504471;1.326541424;;;;
4.967209815979;3.61619472503662;9.734524727;1.32619381;;;;
4.97221994400024;1.22006952762604;9.744544983;1.334625125;;;;
4.97723007202148;-1.17605578899384;9.754565239;1.26795733;;;;
4.98224020004272;-0.812771499156952;9.764584541;1.248376369;;;;
4.98724985122681;1.58312571048737;9.774604797;1.260488153;;;;
4.99225997924805;3.97925090789795;9.784625053;1.258994699;;;;
4.99727010726929;4.16858339309692;9.794645309;1.191938639;;;;
5.00227975845337;4.30168867111206;9.804664612;1.029785395;;;;
4.992760181;0.9446064234;9.814684868;1.172426939;;;;
4.997769833;0.07178661972;9.824705124;1.086088896;;;;
5.002779961;1.534546971;9.83472538;1.161586523;;;;
;;9.844744682;1.105027437;;;;
;;9.854764938;1.056259513;;;;
;;9.864785194;1.027599096;;;;
;;9.874804497;0.9890508652;;;;
;;9.884824753;0.949465394;;;;
;;9.894845009;1.008563042;;;;
;;9.904865265;0.9418928027;;;;
;;9.914884567;0.9495433569;;;;
;;9.924904823;0.8935253024;;;;
;;9.934925079;0.9029003978;;;;
;;9.944945335;0.7580462694;;;;
;;9.954964638;0.9307912588;;;;
;;9.964984894;0.8622387648;;;;
;;9.97500515;0.8249783516;;;;
;;9.985025406;0.7864786983;;;;
;;9.995044708;0.8747738004;;;;
;;10.00506496;0.7679992914;;;;
